first_seen,company,title,location,work_mode,department,match_reason,url,id
2026-09-28,Plata Card,Balance Sheet Management Lead [Market & Solvency Risk],Mexico City,Hybrid Work,HQ,keyword+latam,https://plata.careers/vacancy/details?id=5230212008&gh_jid=5230212008,plata-5230212008
2026-09-28,Plata Card,Financial Controller Colombia,Colombia,,HQ,keyword+latam,https://plata.careers/vacancy/details?id=5267518008&gh_jid=5267518008,plata-5267518008
2026-09-28,Plata Card,Head of FP&A Colombia,Colombia,,HQ,keyword+latam,https://plata.careers/vacancy/details?id=5366590008&gh_jid=5366590008,plata-5366590008
2026-09-28,Plata Card,Head of Operations Colombia,Colombia,Hybrid Work,HQ,keyword+latam,https://plata.careers/vacancy/details?id=5080674008&gh_jid=5080674008,plata-5080674008
2026-09-28,Plata Card,Judicial Recovery Lead,Mexico,Office Work,HQ,keyword+latam,https://plata.careers/vacancy/details?id=5431680008&gh_jid=5431680008,plata-5431680008
2026-09-28,Plata Card,Portfolio Risk Lead,Mexico,Hybrid Work,HQ,keyword+latam,https://plata.careers/vacancy/details?id=4971300008&gh_jid=4971300008,plata-4971300008
2026-09-28,Plata Card,Regulatory Lawyer Colombia,Colombia,Office Work,HQ,keyword+latam,https://plata.careers/vacancy/details?id=5268548008&gh_jid=5268548008,plata-5268548008
2026-09-28,Plata Card,Regulatory Risk Analyst Colombia,Colombia,Office Work,HQ,keyword+latam,https://plata.careers/vacancy/details?id=5276081008&gh_jid=5276081008,plata-5276081008
2026-09-28,Plata Card,Relocation & Employee Experience Specialist Junior+,Colombia,Office Work,HQ,keyword+latam,https://plata.careers/vacancy/details?id=5419231008&gh_jid=5419231008,plata-5419231008
2026-09-28,Plata Card,Risk Analyst,Colombia,Hybrid Work,HQ,keyword+latam,https://plata.careers/vacancy/details?id=5427292008&gh_jid=5427292008,plata-5427292008
2026-09-28,Plata Card,Risk Analyst Junior+/ Middle [Credit Card],Mexico,Hybrid Work,HQ,keyword+latam,https://plata.careers/vacancy/details?id=5193755008&gh_jid=5193755008,plata-5193755008
2026-09-28,Plata Card,Risk Data Scientist,Colombia,Hybrid Work,HQ,keyword+latam,https://plata.careers/vacancy/details?id=5355901008&gh_jid=5355901008,plata-5355901008
2026-09-28,Plata Card,Security Information Specialist,Mexico City,Hybrid Work,HQ,keyword+latam,https://plata.careers/vacancy/details?id=5407041008&gh_jid=5407041008,plata-5407041008
2026-09-28,Plata Card,Senior Accountant Colombia,Colombia,Office Work,HQ,keyword+latam,https://plata.careers/vacancy/details?id=5215733008&gh_jid=5215733008,plata-5215733008
2026-09-28,Plata Card,Social Media Manager,Colombia,Hybrid Work,HQ,keyword+latam,https://plata.careers/vacancy/details?id=5367053008&gh_jid=5367053008,plata-5367053008
2026-09-28,Plata Card,Third-Party Risk & Compliance Lead,Mexico,Office Work,HQ,keyword+latam,https://plata.careers/vacancy/details?id=5396226008&gh_jid=5396226008,plata-5396226008
2026-09-28,inDrive,Senior Head of Regional Marketing LATAM,Mexico,hybrid,,keyword+latam,https://indrive.pinpointhq.com/en/postings/245c58ef-a239-4bd7-bd00-15bf1cf2e284,indrive-482304
2026-09-28,inDrive,Senior Head of Marketing,Mexico,hybrid,,keyword+latam,https://indrive.pinpointhq.com/en/postings/7657c1e2-04e3-4a6e-8109-0354fcd0ca66,indrive-485120
2026-09-28,inDrive,Sales & Account Manager Colombia,Colombia,hybrid,,keyword+latam,https://indrive.pinpointhq.com/en/postings/17f66b3d-6c57-4d03-ba13-a0995118190a,indrive-494493
2026-09-28,inDrive,Business Development Specialist,Peru,hybrid,,keyword+latam,https://indrive.pinpointhq.com/en/postings/1242899e-c224-45a6-8ec8-2ee645f37d0a,indrive-541671
2026-09-28,inDrive,Senior Business Developer Specialist,Peru,hybrid,,keyword+latam,https://indrive.pinpointhq.com/en/postings/f346523c-b30c-4cf2-9b4f-ae4c0443ba12,indrive-542952
2026-09-28,inDrive,Senior Product Marketing Manager - CRM,Peru,hybrid,,keyword+latam,https://indrive.pinpointhq.com/en/postings/168add7b-ba86-4350-9fda-ec7dd5a64aae,indrive-564123
